model,Base,Context,Error,Count,Rate
model3,A,AAA,Match,74241.0,0.9162727553224314
model3,A,AAA,Missmatch_A,0.0,0.0
model3,A,AAA,Missmatch_C,341.0,0.0042085775995063255
model3,A,AAA,Missmatch_G,787.0,0.009713051527306386
model3,A,AAA,Missmatch_T,263.0,0.003245911755630978
model3,A,AAA,Missmatch,1391.0,0.01716754088244369
model3,A,AAA,Insertion,2481.0,0.030620178957112002
model3,A,AAA,Deletion,1521.0,0.01877198395556927
model3,A,AAC,Match,26024.0,0.8550962739041861
model3,A,AAC,Missmatch_A,0.0,0.0
model3,A,AAC,Missmatch_C,186.0,0.0061115857264901095
model3,A,AAC,Missmatch_G,1320.0,0.043372543865413685
model3,A,AAC,Missmatch_T,201.0,0.006604455543142538
model3,A,AAC,Missmatch,1707.0,0.05608858513504633
model3,A,AAC,Insertion,547.0,0.017973319313925214
model3,A,AAC,Deletion,449.0,0.014753236511796018
model3,A,AAG,Match,34755.0,0.9043951182700565
model3,A,AAG,Missmatch_A,0.0,0.0
model3,A,AAG,Missmatch_C,88.0,0.0022899372869447554
model3,A,AAG,Missmatch_G,807.0,0.02099976580186838
model3,A,AAG,Missmatch_T,150.0,0.0039033021936558327
model3,A,AAG,Missmatch,1045.0,0.027193005282468968
model3,A,AAG,Insertion,955.0,0.02485102396627547
model3,A,AAG,Deletion,629.0,0.016367847198730124
model3,A,AAT,Match,48317.0,0.908966062156671
model3,A,AAT,Missmatch_A,0.0,0.0
model3,A,AAT,Missmatch_C,264.0,0.004966513657912559
model3,A,AAT,Missmatch_G,1057.0,0.019884867183384756
model3,A,AAT,Missmatch_T,330.0,0.006208142072390699
model3,A,AAT,Missmatch,1651.0,0.031059522913688013
model3,A,AAT,Insertion,704.0,0.013244036421100157
model3,A,AAT,Deletion,833.0,0.015670855594852887
model3,A,CAA,Match,33142.0,0.8087162343525048
model3,A,CAA,Missmatch_A,0.0,0.0
model3,A,CAA,Missmatch_C,319.0,0.007784095068446353
model3,A,CAA,Missmatch_G,241.0,0.0058807740172274955
model3,A,CAA,Missmatch_T,265.0,0.006466411263756375
model3,A,CAA,Missmatch,825.0,0.020131280349430222
model3,A,CAA,Insertion,2333.0,0.056928820672994804
model3,A,CAA,Deletion,3856.0,0.09409238427563993
model3,A,CAC,Match,25288.0,0.8427647803772579
model3,A,CAC,Missmatch_A,0.0,0.0
model3,A,CAC,Missmatch_C,226.0,0.007531826967939745
model3,A,CAC,Missmatch_G,361.0,0.012030927147903752
model3,A,CAC,Missmatch_T,341.0,0.011364393787909086
model3,A,CAC,Missmatch,928.0,0.030927147903752582
model3,A,CAC,Insertion,1333.0,0.044424448443644605
model3,A,CAC,Deletion,1529.0,0.05095647537159235
model3,A,CAG,Match,35824.0,0.8913438331964868
model3,A,CAG,Missmatch_A,0.0,0.0
model3,A,CAG,Missmatch_C,191.0,0.00475230773058645
model3,A,CAG,Missmatch_G,912.0,0.02269164738374263
model3,A,CAG,Missmatch_T,439.0,0.010922843422656814
model3,A,CAG,Missmatch,1542.0,0.038366798536985894
model3,A,CAG,Insertion,907.0,0.022567241422208954
model3,A,CAG,Deletion,376.0,0.009355328307332487
model3,A,CAT,Match,33668.0,0.8834194851880035
model3,A,CAT,Missmatch_A,0.0,0.0
model3,A,CAT,Missmatch_C,266.0,0.006979612185458266
model3,A,CAT,Missmatch_G,572.0,0.015008790113090708
model3,A,CAT,Missmatch_T,402.0,0.010548135708850463
model3,A,CAT,Missmatch,1240.0,0.03253653800739944
model3,A,CAT,Insertion,772.0,0.020256618823961587
model3,A,CAT,Deletion,1191.0,0.031250819973236074
model3,A,GAA,Match,34599.0,0.8473086153695449
model3,A,GAA,Missmatch_A,0.0,0.0
model3,A,GAA,Missmatch_C,112.0,0.002742812362247147
model3,A,GAA,Missmatch_G,685.0,0.016775236322672284
model3,A,GAA,Missmatch_T,131.0,0.003208110887985502
model3,A,GAA,Missmatch,928.0,0.02272615957290493
model3,A,GAA,Insertion,2043.0,0.05003183621491894
model3,A,GAA,Deletion,2336.0,0.05720722926972621
model3,A,GAC,Match,16602.0,0.8887580299785868
model3,A,GAC,Missmatch_A,0.0,0.0
model3,A,GAC,Missmatch_C,91.0,0.00487152034261242
model3,A,GAC,Missmatch_G,357.0,0.019111349036402568
model3,A,GAC,Missmatch_T,94.0,0.005032119914346895
model3,A,GAC,Missmatch,542.0,0.029014989293361885
model3,A,GAC,Insertion,238.0,0.012740899357601714
model3,A,GAC,Deletion,756.0,0.040471092077087795
model3,A,GAG,Match,28124.0,0.8370487216881455
model3,A,GAG,Missmatch_A,0.0,0.0
model3,A,GAG,Missmatch_C,25.0,0.0007440697639810709
model3,A,GAG,Missmatch_G,797.0,0.023720944075716538
model3,A,GAG,Missmatch_T,54.0,0.001607190690199113
model3,A,GAG,Missmatch,876.0,0.026072204529896722
model3,A,GAG,Insertion,1286.0,0.038274948659186285
model3,A,GAG,Deletion,2437.0,0.07253192059287479
model3,A,GAT,Match,24408.0,0.8856634856126855
model3,A,GAT,Missmatch_A,0.0,0.0
model3,A,GAT,Missmatch_C,43.0,0.001560288834863384
model3,A,GAT,Missmatch_G,398.0,0.014441743169200624
model3,A,GAT,Missmatch_T,168.0,0.006096012192024384
model3,A,GAT,Missmatch,609.0,0.022098044196088393
model3,A,GAT,Insertion,593.0,0.021517471606371782
model3,A,GAT,Deletion,1340.0,0.04862295438876592
model3,A,TAA,Match,37736.0,0.8007299424958092
model3,A,TAA,Missmatch_A,0.0,0.0
model3,A,TAA,Missmatch_C,460.0,0.009760858955588092
model3,A,TAA,Missmatch_G,408.0,0.008657457508434656
model3,A,TAA,Missmatch_T,281.0,0.005962611666348378
model3,A,TAA,Missmatch,1149.0,0.024380928130371123
model3,A,TAA,Insertion,2947.0,0.0625331550915611
model3,A,TAA,Deletion,4146.0,0.08797504615188745
model3,A,TAC,Match,20002.0,0.8074764845989262
model3,A,TAC,Missmatch_A,0.0,0.0
model3,A,TAC,Missmatch_C,248.0,0.010011707238302855
model3,A,TAC,Missmatch_G,1035.0,0.04178272980501393
model3,A,TAC,Missmatch_T,194.0,0.00783173872673691
model3,A,TAC,Missmatch,1477.0,0.05962617577005369
model3,A,TAC,Insertion,882.0,0.035606152355577084
model3,A,TAC,Deletion,933.0,0.03766501150538937
model3,A,TAG,Match,21567.0,0.7687399750490109
model3,A,TAG,Missmatch_A,0.0,0.0
model3,A,TAG,Missmatch_C,109.0,0.003885225450008911
model3,A,TAG,Missmatch_G,1161.0,0.04138299768312244
model3,A,TAG,Missmatch_T,136.0,0.004847620744965247
model3,A,TAG,Missmatch,1406.0,0.050115843878096596
model3,A,TAG,Insertion,896.0,0.03193726608447692
model3,A,TAG,Deletion,2780.0,0.09909107111031902
model3,A,TAT,Match,39798.0,0.8717690353106107
model3,A,TAT,Missmatch_A,0.0,0.0
model3,A,TAT,Missmatch_C,455.0,0.009966704635065276
model3,A,TAT,Missmatch_G,1123.0,0.024599141330062208
model3,A,TAT,Missmatch_T,189.0,0.004140015771488654
model3,A,TAT,Missmatch,1767.0,0.03870586173661614
model3,A,TAT,Insertion,1250.0,0.02738105668973977
model3,A,TAT,Deletion,1070.0,0.023438184526417244
model3,C,ACA,Match,37876.0,0.8998170717221391
model3,C,ACA,Missmatch_A,190.0,0.00451381464851638
model3,C,ACA,Missmatch_C,0.0,0.0
model3,C,ACA,Missmatch_G,220.0,0.005226522224597914
model3,C,ACA,Missmatch_T,737.0,0.01750884945240301
model3,C,ACA,Missmatch,1147.0,0.027249186325517306
model3,C,ACA,Insertion,1082.0,0.02570498657734065
model3,C,ACA,Deletion,841.0,0.01997956904948566
model3,C,ACC,Match,19085.0,0.820013749248088
model3,C,ACC,Missmatch_A,147.0,0.00631606084042279
model3,C,ACC,Missmatch_C,0.0,0.0
model3,C,ACC,Missmatch_G,263.0,0.011300163272321044
model3,C,ACC,Missmatch_T,212.0,0.009108876858296812
model3,C,ACC,Missmatch,622.0,0.026725100971040645
model3,C,ACC,Insertion,1258.0,0.054051731545931084
model3,C,ACC,Deletion,1687.0,0.07248431726389963
model3,C,ACG,Match,3519.0,0.7947154471544715
model3,C,ACG,Missmatch_A,39.0,0.008807588075880758
model3,C,ACG,Missmatch_C,0.0,0.0
model3,C,ACG,Missmatch_G,27.0,0.006097560975609756
model3,C,ACG,Missmatch_T,125.0,0.028229448961156277
model3,C,ACG,Missmatch,191.0,0.043134598012646796
model3,C,ACG,Insertion,139.0,0.03139114724480578
model3,C,ACG,Deletion,388.0,0.08762420957542909
model3,C,ACT,Match,29397.0,0.8968515467691744
model3,C,ACT,Missmatch_A,85.0,0.002593202757947404
model3,C,ACT,Missmatch_C,0.0,0.0
model3,C,ACT,Missmatch_G,113.0,0.003447434254683019
model3,C,ACT,Missmatch_T,316.0,0.00964061260601623
model3,C,ACT,Missmatch,514.0,0.015681249618646653
model3,C,ACT,Insertion,738.0,0.022515101592531575
model3,C,ACT,Deletion,1615.0,0.049270852401000674
model3,C,CCA,Match,31020.0,0.8861591201256963
model3,C,CCA,Missmatch_A,414.0,0.011826881874017998
model3,C,CCA,Missmatch_C,0.0,0.0
model3,C,CCA,Missmatch_G,154.0,0.004399371518354521
model3,C,CCA,Missmatch_T,724.0,0.020682759605770606
model3,C,CCA,Missmatch,1292.0,0.03690901299814312
model3,C,CCA,Insertion,804.0,0.022968147407513212
model3,C,CCA,Deletion,597.0,0.017054706470504215
model3,C,CCC,Match,21021.0,0.8875612227664246
model3,C,CCC,Missmatch_A,262.0,0.01106232055396048
model3,C,CCC,Missmatch_C,0.0,0.0
model3,C,CCC,Missmatch_G,85.0,0.0035889207904070256
model3,C,CCC,Missmatch_T,283.0,0.011948995102178686
model3,C,CCC,Missmatch,630.0,0.02660023644654619
model3,C,CCC,Insertion,703.0,0.029682486066542814
model3,C,CCC,Deletion,700.0,0.029555818273940212
model3,C,CCG,Match,3479.0,0.8393244873341376
model3,C,CCG,Missmatch_A,135.0,0.032569360675512665
model3,C,CCG,Missmatch_C,0.0,0.0
model3,C,CCG,Missmatch_G,22.0,0.005307599517490953
model3,C,CCG,Missmatch_T,94.0,0.022677925211097707
model3,C,CCG,Missmatch,251.0,0.060554885404101325
model3,C,CCG,Insertion,76.0,0.01833534378769602
model3,C,CCG,Deletion,88.0,0.021230398069963814
model3,C,CCT,Match,30356.0,0.9280342402934882
model3,C,CCT,Missmatch_A,332.0,0.010149801284011006
model3,C,CCT,Missmatch_C,0.0,0.0
model3,C,CCT,Missmatch_G,50.0,0.001528584530724549
model3,C,CCT,Missmatch_T,302.0,0.009232650565576277
model3,C,CCT,Missmatch,684.0,0.02091103638031183
model3,C,CCT,Insertion,486.0,0.014857841638642616
model3,C,CCT,Deletion,500.0,0.01528584530724549
model3,C,GCA,Match,25242.0,0.9009208366050396
model3,C,GCA,Missmatch_A,211.0,0.007530873010207724
model3,C,GCA,Missmatch_C,0.0,0.0
model3,C,GCA,Missmatch_G,100.0,0.0035691341280605325
model3,C,GCA,Missmatch_T,415.0,0.01481190663145121
model3,C,GCA,Missmatch,726.0,0.025911913769719467
model3,C,GCA,Insertion,703.0,0.025091012920265544
model3,C,GCA,Deletion,621.0,0.022164322935255908
model3,C,GCC,Match,18947.0,0.8335313008666578
model3,C,GCC,Missmatch_A,268.0,0.011790066429105626
model3,C,GCC,Missmatch_C,0.0,0.0
model3,C,GCC,Missmatch_G,136.0,0.005983018784919273
model3,C,GCC,Missmatch_T,151.0,0.0066429105626677224
model3,C,GCC,Missmatch,555.0,0.024415995776692623
model3,C,GCC,Insertion,1089.0,0.04790814306453742
model3,C,GCC,Deletion,1585.0,0.06972856451541948
model3,C,GCG,Match,3281.0,0.8041666666666667
model3,C,GCG,Missmatch_A,49.0,0.012009803921568628
model3,C,GCG,Missmatch_C,0.0,0.0
model3,C,GCG,Missmatch_G,21.0,0.005147058823529412
model3,C,GCG,Missmatch_T,66.0,0.016176470588235296
model3,C,GCG,Missmatch,136.0,0.03333333333333333
model3,C,GCG,Insertion,81.0,0.019852941176470587
model3,C,GCG,Deletion,446.0,0.10931372549019608
model3,C,GCT,Match,23906.0,0.9080066848982072
model3,C,GCT,Missmatch_A,216.0,0.008204193254329991
model3,C,GCT,Missmatch_C,0.0,0.0
model3,C,GCT,Missmatch_G,48.0,0.0018231540565177757
model3,C,GCT,Missmatch_T,173.0,0.006570951078699484
model3,C,GCT,Missmatch,437.0,0.01659829838954725
model3,C,GCT,Insertion,586.0,0.022257672439987844
model3,C,GCT,Deletion,962.0,0.036539045882710425
model3,C,TCA,Match,36534.0,0.9131445424779424
model3,C,TCA,Missmatch_A,223.0,0.005573745907170887
model3,C,TCA,Missmatch_C,0.0,0.0
model3,C,TCA,Missmatch_G,108.0,0.002699392636656752
model3,C,TCA,Missmatch_T,237.0,0.005923667174885651
model3,C,TCA,Missmatch,568.0,0.01419680571871329
model3,C,TCA,Insertion,804.0,0.0200954785173336
model3,C,TCA,Deletion,1535.0,0.03836636756729736
model3,C,TCC,Match,23848.0,0.7527302569282243
model3,C,TCC,Missmatch_A,121.0,0.0038192033331229088
model3,C,TCC,Missmatch_C,0.0,0.0
model3,C,TCC,Missmatch_G,74.0,0.0023357111293478947
model3,C,TCC,Missmatch_T,278.0,0.008774698567009659
model3,C,TCC,Missmatch,473.0,0.014929613029480463
model3,C,TCC,Insertion,2571.0,0.08115017991288428
model3,C,TCC,Deletion,4317.0,0.13626033709993057
model3,C,TCG,Match,2990.0,0.6803185437997725
model3,C,TCG,Missmatch_A,68.0,0.01547212741751991
model3,C,TCG,Missmatch_C,0.0,0.0
model3,C,TCG,Missmatch_G,33.0,0.007508532423208191
model3,C,TCG,Missmatch_T,38.0,0.008646188850967008
model3,C,TCG,Missmatch,139.0,0.03162684869169511
model3,C,TCG,Insertion,73.0,0.016609783845278725
model3,C,TCG,Deletion,1054.0,0.2398179749715586
model3,C,TCT,Match,40335.0,0.9255817155445408
model3,C,TCT,Missmatch_A,347.0,0.007962733489375373
model3,C,TCT,Missmatch_C,0.0,0.0
model3,C,TCT,Missmatch_G,166.0,0.0038092615539951353
model3,C,TCT,Missmatch_T,181.0,0.004153471935380237
model3,C,TCT,Missmatch,694.0,0.015925466978750746
model3,C,TCT,Insertion,783.0,0.017967781908302356
model3,C,TCT,Deletion,1072.0,0.02459956858965533
model3,G,AGA,Match,38715.0,0.8549566062319193
model3,G,AGA,Missmatch_A,891.0,0.019676258198440915
model3,G,AGA,Missmatch_C,129.0,0.0028487511869796614
model3,G,AGA,Missmatch_G,0.0,0.0
model3,G,AGA,Missmatch_T,82.0,0.0018108340878475366
model3,G,AGA,Missmatch,1102.0,0.024335843473268115
model3,G,AGA,Insertion,1704.0,0.0376300156791732
model3,G,AGA,Deletion,2660.0,0.05874169114237131
model3,G,AGC,Match,22993.0,0.832989167844075
model3,G,AGC,Missmatch_A,1182.0,0.04282143245299424
model3,G,AGC,Missmatch_C,202.0,0.007318045140021013
model3,G,AGC,Missmatch_G,0.0,0.0
model3,G,AGC,Missmatch_T,156.0,0.005651559613085534
model3,G,AGC,Missmatch,1540.0,0.055791037206100784
model3,G,AGC,Insertion,735.0,0.02662754048472992
model3,G,AGC,Deletion,795.0,0.028801217258993587
model3,G,AGG,Match,30023.0,0.8304198705537423
model3,G,AGG,Missmatch_A,789.0,0.021823311390164298
model3,G,AGG,Missmatch_C,54.0,0.0014936106654865298
model3,G,AGG,Missmatch_G,0.0,0.0
model3,G,AGG,Missmatch_T,90.0,0.0024893511091442166
model3,G,AGG,Missmatch,933.0,0.025806273164795043
model3,G,AGG,Insertion,1701.0,0.04704873596282569
model3,G,AGG,Deletion,2564.0,0.0709188471538419
model3,G,AGT,Match,28011.0,0.8678315828608607
model3,G,AGT,Missmatch_A,660.0,0.020447997025745887
model3,G,AGT,Missmatch_C,72.0,0.002230690584626824
model3,G,AGT,Missmatch_G,0.0,0.0
model3,G,AGT,Missmatch_T,533.0,0.01651330668897357
model3,G,AGT,Missmatch,1265.0,0.039191994299346285
model3,G,AGT,Insertion,460.0,0.014251634290671377
model3,G,AGT,Deletion,1276.0,0.039532794249775384
model3,G,CGA,Match,3110.0,0.6721417765290685
model3,G,CGA,Missmatch_A,106.0,0.02290901231899719
model3,G,CGA,Missmatch_C,21.0,0.0045385779122541605
model3,G,CGA,Missmatch_G,0.0,0.0
model3,G,CGA,Missmatch_T,16.0,0.0034579641236222175
model3,G,CGA,Missmatch,143.0,0.03090555435487357
model3,G,CGA,Insertion,102.0,0.022044521288091635
model3,G,CGA,Deletion,1129.0,0.24400259347309272
model3,G,CGC,Match,3024.0,0.7544910179640718
model3,G,CGC,Missmatch_A,128.0,0.031936127744510975
model3,G,CGC,Missmatch_C,33.0,0.008233532934131737
model3,G,CGC,Missmatch_G,0.0,0.0
model3,G,CGC,Missmatch_T,39.0,0.009730538922155689
model3,G,CGC,Missmatch,200.0,0.0499001996007984
model3,G,CGC,Insertion,117.0,0.029191616766467067
model3,G,CGC,Deletion,467.0,0.11651696606786427
model3,G,CGG,Match,3341.0,0.7907692307692308
model3,G,CGG,Missmatch_A,218.0,0.051597633136094674
model3,G,CGG,Missmatch_C,14.0,0.0033136094674556214
model3,G,CGG,Missmatch_G,0.0,0.0
model3,G,CGG,Missmatch_T,28.0,0.006627218934911243
model3,G,CGG,Missmatch,260.0,0.06153846153846154
model3,G,CGG,Insertion,135.0,0.03195266272189349
model3,G,CGG,Deletion,229.0,0.05420118343195266
model3,G,CGT,Match,3618.0,0.7913385826771654
model3,G,CGT,Missmatch_A,156.0,0.03412073490813648
model3,G,CGT,Missmatch_C,14.0,0.0030621172353455816
model3,G,CGT,Missmatch_G,0.0,0.0
model3,G,CGT,Missmatch_T,66.0,0.014435695538057743
model3,G,CGT,Missmatch,236.0,0.051618547681539804
model3,G,CGT,Insertion,69.0,0.015091863517060367
model3,G,CGT,Deletion,413.0,0.09033245844269466
model3,G,GGA,Match,26856.0,0.9233943061477101
model3,G,GGA,Missmatch_A,384.0,0.013203135744739376
model3,G,GGA,Missmatch_C,91.0,0.0031288681061752165
model3,G,GGA,Missmatch_G,0.0,0.0
model3,G,GGA,Missmatch_T,64.0,0.002200522624123229
model3,G,GGA,Missmatch,539.0,0.018532526475037822
model3,G,GGA,Insertion,540.0,0.01856690964103975
model3,G,GGA,Deletion,610.0,0.02097373126117453
model3,G,GGC,Match,19859.0,0.8976224914120412
model3,G,GGC,Missmatch_A,580.0,0.026215874163804012
model3,G,GGC,Missmatch_C,185.0,0.00836195986259266
model3,G,GGC,Missmatch_G,0.0,0.0
model3,G,GGC,Missmatch_T,108.0,0.0048815765684324715
model3,G,GGC,Missmatch,873.0,0.039459410594829145
model3,G,GGC,Insertion,302.0,0.013650334478394503
model3,G,GGC,Deletion,217.0,0.009808352919905984
model3,G,GGG,Match,21039.0,0.8862631113357766
model3,G,GGG,Missmatch_A,756.0,0.03184632882598256
model3,G,GGG,Missmatch_C,43.0,0.0018113652639117064
model3,G,GGG,Missmatch_G,0.0,0.0
model3,G,GGG,Missmatch_T,61.0,0.0025696111883398627
model3,G,GGG,Missmatch,860.0,0.03622730527823413
model3,G,GGG,Insertion,397.0,0.016723535110998777
model3,G,GGG,Deletion,583.0,0.024558742996756394
model3,G,GGT,Match,20425.0,0.8979206049149339
model3,G,GGT,Missmatch_A,357.0,0.01569437728052051
model3,G,GGT,Missmatch_C,44.0,0.0019343210093638722
model3,G,GGT,Missmatch_G,0.0,0.0
model3,G,GGT,Missmatch_T,505.0,0.022200729766562625
model3,G,GGT,Missmatch,906.0,0.03982942805644701
model3,G,GGT,Insertion,176.0,0.007737284037455489
model3,G,GGT,Deletion,334.0,0.014683254934716667
model3,G,TGA,Match,35794.0,0.8769600156801255
model3,G,TGA,Missmatch_A,809.0,0.01982065856526852
model3,G,TGA,Missmatch_C,340.0,0.008330066640533124
model3,G,TGA,Missmatch_G,0.0,0.0
model3,G,TGA,Missmatch_T,154.0,0.0037730301842414738
model3,G,TGA,Missmatch,1303.0,0.03192375539004312
model3,G,TGA,Insertion,936.0,0.02293218345746766
model3,G,TGA,Deletion,1480.0,0.03626029008232066
model3,G,TGC,Match,23605.0,0.8389905811267105
model3,G,TGC,Missmatch_A,1108.0,0.03938155322551982
model3,G,TGC,Missmatch_C,269.0,0.009561044961791363
model3,G,TGC,Missmatch_G,0.0,0.0
model3,G,TGC,Missmatch_T,254.0,0.009027901190687755
model3,G,TGC,Missmatch,1631.0,0.05797049937799893
model3,G,TGC,Insertion,809.0,0.028754220721521236
model3,G,TGC,Deletion,459.0,0.016314199395770394
model3,G,TGG,Match,31347.0,0.8349848170049544
model3,G,TGG,Missmatch_A,1324.0,0.035267167439134835
model3,G,TGG,Missmatch_C,123.0,0.0032763305098289916
model3,G,TGG,Missmatch_G,0.0,0.0
model3,G,TGG,Missmatch_T,168.0,0.004474988013424964
model3,G,TGG,Missmatch,1615.0,0.04301848596238879
model3,G,TGG,Insertion,1114.0,0.02967343242235363
model3,G,TGG,Deletion,1851.0,0.049304778647914334
model3,G,TGT,Match,35140.0,0.8414952465336814
model3,G,TGT,Missmatch_A,1432.0,0.0342920089082593
model3,G,TGT,Missmatch_C,274.0,0.006561459805071961
model3,G,TGT,Missmatch_G,0.0,0.0
model3,G,TGT,Missmatch_T,582.0,0.013937115352379128
model3,G,TGT,Missmatch,2288.0,0.054790584065710385
model3,G,TGT,Insertion,971.0,0.0232524725208937
model3,G,TGT,Deletion,1072.0,0.025671112814004166
model3,T,ATA,Match,41360.0,0.9193358376492031
model3,T,ATA,Missmatch_A,148.0,0.0032896930360754853
model3,T,ATA,Missmatch_C,627.0,0.013936740092022495
model3,T,ATA,Missmatch_G,129.0,0.00286736757874147
model3,T,ATA,Missmatch_T,0.0,0.0
model3,T,ATA,Missmatch,904.0,0.02009380070683945
model3,T,ATA,Insertion,949.0,0.02109404521105159
model3,T,ATA,Deletion,872.0,0.019382515726066373
model3,T,ATC,Match,25110.0,0.9477975314233948
model3,T,ATC,Missmatch_A,50.0,0.0018872909825236855
model3,T,ATC,Missmatch_C,95.0,0.0035858528667950026
model3,T,ATC,Missmatch_G,56.0,0.0021137659004265277
model3,T,ATC,Missmatch_T,0.0,0.0
model3,T,ATC,Missmatch,201.0,0.007586909749745216
model3,T,ATC,Insertion,246.0,0.009285471634016532
model3,T,ATC,Deletion,735.0,0.027743177443098177
model3,T,ATG,Match,34787.0,0.9290158899719588
model3,T,ATG,Missmatch_A,190.0,0.005074108692749366
model3,T,ATG,Missmatch_C,208.0,0.005554813726799305
model3,T,ATG,Missmatch_G,142.0,0.003792228601949526
model3,T,ATG,Missmatch_T,0.0,0.0
model3,T,ATG,Missmatch,540.0,0.014421151021498197
model3,T,ATG,Insertion,812.0,0.02168513820269729
model3,T,ATG,Deletion,766.0,0.020456669782347444
model3,T,ATT,Match,45668.0,0.8293772587763107
model3,T,ATT,Missmatch_A,359.0,0.006519804587472531
model3,T,ATT,Missmatch_C,331.0,0.006011296151680802
model3,T,ATT,Missmatch_G,1150.0,0.02088516789858889
model3,T,ATT,Missmatch_T,0.0,0.0
model3,T,ATT,Missmatch,1840.0,0.03341626863774222
model3,T,ATT,Insertion,2357.0,0.042805513684325225
model3,T,ATT,Deletion,3358.0,0.06098469026387956
model3,T,CTA,Match,23373.0,0.8604719655413614
model3,T,CTA,Missmatch_A,151.0,0.005559032507454994
model3,T,CTA,Missmatch_C,341.0,0.012553841622795714
model3,T,CTA,Missmatch_G,26.0,0.0009571844052571513
model3,T,CTA,Missmatch_T,0.0,0.0
model3,T,CTA,Missmatch,518.0,0.01907005853550786
model3,T,CTA,Insertion,708.0,0.026064867650848582
model3,T,CTA,Deletion,2046.0,0.07532304973677428
model3,T,CTC,Match,29615.0,0.9362058609679765
model3,T,CTC,Missmatch_A,126.0,0.00398318211993804
model3,T,CTC,Missmatch_C,127.0,0.004014794676445484
model3,T,CTC,Missmatch_G,33.0,0.001043214364745677
model3,T,CTC,Missmatch_T,0.0,0.0
model3,T,CTC,Missmatch,286.0,0.0090411911611292
model3,T,CTC,Insertion,434.0,0.013719849524231024
model3,T,CTC,Deletion,1012.0,0.031991907185534095
model3,T,CTG,Match,34915.0,0.922798393064806
model3,T,CTG,Missmatch_A,548.0,0.014483560630087747
model3,T,CTG,Missmatch_C,334.0,0.008827571624907495
model3,T,CTG,Missmatch_G,49.0,0.0012950629030552912
model3,T,CTG,Missmatch_T,0.0,0.0
model3,T,CTG,Missmatch,931.0,0.024606195158050535
model3,T,CTG,Insertion,790.0,0.020879585579871022
model3,T,CTG,Deletion,269.0,0.007109631039221905
model3,T,CTT,Match,33896.0,0.8181510982379918
model3,T,CTT,Missmatch_A,514.0,0.012406468742457157
model3,T,CTT,Missmatch_C,335.0,0.008085928071445812
model3,T,CTT,Missmatch_G,144.0,0.0034757422157856628
model3,T,CTT,Missmatch_T,0.0,0.0
model3,T,CTT,Missmatch,993.0,0.023968139029688633
model3,T,CTT,Insertion,2453.0,0.059208303161959935
model3,T,CTT,Deletion,3095.0,0.07470432054067101
model3,T,GTA,Match,20450.0,0.8999691942085112
model3,T,GTA,Missmatch_A,148.0,0.006513224486203406
model3,T,GTA,Missmatch_C,439.0,0.019319632090833077
model3,T,GTA,Missmatch_G,67.0,0.002948554328213704
model3,T,GTA,Missmatch_T,0.0,0.0
model3,T,GTA,Missmatch,654.0,0.028781410905250188
model3,T,GTA,Insertion,432.0,0.019011574175945078
model3,T,GTA,Deletion,533.0,0.02345640980504335
model3,T,GTC,Match,16508.0,0.9434221053834724
model3,T,GTC,Missmatch_A,68.0,0.0038861584181049263
model3,T,GTC,Missmatch_C,78.0,0.004457652303120356
model3,T,GTC,Missmatch_G,29.0,0.001657332266544748
model3,T,GTC,Missmatch_T,0.0,0.0
model3,T,GTC,Missmatch,175.0,0.01000114298777003
model3,T,GTC,Insertion,186.0,0.010629786261287005
model3,T,GTC,Deletion,454.0,0.02594582237970054
model3,T,GTG,Match,27106.0,0.9354961173425367
model3,T,GTG,Missmatch_A,193.0,0.006660914581535807
model3,T,GTG,Missmatch_C,166.0,0.005729076790336497
model3,T,GTG,Missmatch_G,99.0,0.0034167385677308024
model3,T,GTG,Missmatch_T,0.0,0.0
model3,T,GTG,Missmatch,458.0,0.015806729939603106
model3,T,GTG,Insertion,411.0,0.014184641932700604
model3,T,GTG,Deletion,542.0,0.018705780845556515
model3,T,GTT,Match,25385.0,0.8495649263721553
model3,T,GTT,Missmatch_A,159.0,0.005321285140562249
model3,T,GTT,Missmatch_C,109.0,0.0036479250334672023
model3,T,GTT,Missmatch_G,241.0,0.008065595716198125
model3,T,GTT,Missmatch_T,0.0,0.0
model3,T,GTT,Missmatch,509.0,0.017034805890227576
model3,T,GTT,Insertion,1291.0,0.04320615796519411
model3,T,GTT,Deletion,2186.0,0.07315930388219545
model3,T,TTA,Match,39370.0,0.9070801557496025
model3,T,TTA,Missmatch_A,261.0,0.006013409211344838
model3,T,TTA,Missmatch_C,710.0,0.016358316245420824
model3,T,TTA,Missmatch_G,270.0,0.006220768149667074
model3,T,TTA,Missmatch_T,0.0,0.0
model3,T,TTA,Missmatch,1241.0,0.028592493606432734
model3,T,TTA,Insertion,924.0,0.021288851001082874
model3,T,TTA,Deletion,627.0,0.014446006036449093
model3,T,TTC,Match,35672.0,0.9319678127286027
model3,T,TTC,Missmatch_A,249.0,0.006505381962587522
model3,T,TTC,Missmatch_C,372.0,0.00971888389591389
model3,T,TTC,Missmatch_G,175.0,0.004572055596196049
model3,T,TTC,Missmatch_T,0.0,0.0
model3,T,TTC,Missmatch,796.0,0.02079632145469746
model3,T,TTC,Insertion,590.0,0.015414358867175253
model3,T,TTC,Deletion,422.0,0.011025185494827046
model3,T,TTG,Match,34619.0,0.9325485548042992
model3,T,TTG,Missmatch_A,277.0,0.007461681437383832
model3,T,TTG,Missmatch_C,187.0,0.0050373084071869195
model3,T,TTG,Missmatch_G,201.0,0.005414433100773106
model3,T,TTG,Missmatch_T,0.0,0.0
model3,T,TTG,Missmatch,665.0,0.017913422945343857
model3,T,TTG,Insertion,516.0,0.0138997387064623
model3,T,TTG,Deletion,658.0,0.017724860598550763
model3,T,TTT,Match,71147.0,0.9267552429334376
model3,T,TTT,Missmatch_A,328.0,0.004272502279536277
model3,T,TTT,Missmatch_C,490.0,0.006382701576136512
model3,T,TTT,Missmatch_G,308.0,0.004011983847857236
model3,T,TTT,Missmatch_T,0.0,0.0
model3,T,TTT,Missmatch,1126.0,0.014667187703530024
model3,T,TTT,Insertion,2311.0,0.03010290478051322
model3,T,TTT,Deletion,1060.0,0.013807476878989188
model3,Grouped,NAN,Deletion,26182.0,0.04232391975558106
model3,Grouped,NAN,Insertion,20167.0,0.03260050758959603
model3,Grouped,NAN,Match,534095.0,0.8633791888265627
model3,Grouped,NAN,Missmatch,19083.0,0.030848191914130067
model3,Grouped,NAN,Missmatch_A,0.0,0.0
model3,Grouped,NAN,Missmatch_C,3424.0,0.005534989735051163
model3,Grouped,NAN,Missmatch_G,12021.0,0.019432275585587043
model3,Grouped,NAN,Missmatch_T,3638.0,0.0058809265934918606
model3,Grouped,NCN,Deletion,18008.0,0.045139846291905004
model3,Grouped,NCN,Insertion,11976.0,0.030019702309632072
model3,Grouped,NCN,Match,350836.0,0.8794248730379156
model3,Grouped,NCN,Missmatch,9059.0,0.022707789180273625
model3,Grouped,NCN,Missmatch_A,3107.0,0.0077881776115586885
model3,Grouped,NCN,Missmatch_C,0.0,0.0
model3,Grouped,NCN,Missmatch_G,1620.0,0.004060781374549429
model3,Grouped,NCN,Missmatch_T,4332.0,0.01085883019416551
model3,Grouped,NGN,Deletion,16139.0,0.03987941536218634
model3,Grouped,NGN,Insertion,10268.0,0.025372193874399238
model3,Grouped,NGN,Match,346900.0,0.8571887470811351
model3,Grouped,NGN,Missmatch,15694.0,0.03877982184113962
model3,Grouped,NGN,Missmatch_A,10880.0,0.026884443840423034
model3,Grouped,NGN,Missmatch_C,1908.0,0.004714661658780069
model3,Grouped,NGN,Missmatch_G,0.0,0.0
model3,Grouped,NGN,Missmatch_T,2906.0,0.00718071634193652
model3,Grouped,NTN,Deletion,18635.0,0.031230098877157702
model3,Grouped,NTN,Insertion,15410.0,0.025825372884196413
model3,Grouped,NTN,Match,538981.0,0.9032696497402379
model3,Grouped,NTN,Missmatch,11837.0,0.019837439249203954
model3,Grouped,NTN,Missmatch_A,3769.0,0.006316406904642199
model3,Grouped,NTN,Missmatch_C,4949.0,0.00829395005865594
model3,Grouped,NTN,Missmatch_G,3119.0,0.005227082285905816
model3,Grouped,NTN,Missmatch_T,0.0,0.0
model3,Grouped,NNN,Deletion,78964.0,0.039111554907691796
model3,Grouped,NNN,Insertion,57821.0,0.02863924340607932
model3,Grouped,NNN,Match,1770812.0,0.877098560979681
model3,Grouped,NNN,Missmatch,55673.0,0.027575320353273966
model3,Grouped,NNN,Missmatch_A,17756.0,0.00879470098957722
model3,Grouped,NNN,Missmatch_C,10281.0,0.005092268578161939
model3,Grouped,NNN,Missmatch_G,16760.0,0.00830137354051105
model3,Grouped,NNN,Missmatch_T,10876.0,0.005386977245023758
